{
	"__comment": "Designed by the resident Inuit with BDcraft Cubik PRO 0.96 Beta - http://bdcraft.net",
	"parent": "block/cube_bottom_top",
	"ambientocclusion": false,
	"textures": {
		"particle": "block/piston_top",
		"texture": "block/piston_side",
		"piston_top": "block/piston_top",
		"piston": "block/daylight_detector_side",
		"piston_inner": "block/piston_inner",
		"piston_bottom": "block/piston_bottom",
		"piston_top_sticky": "block/piston_top_sticky"
	},
	"elements": [
		{
			"from": [ 0, 0, 0 ],
			"to": [ 16, 16, 4 ],
			"faces": {
				"down": { "uv": [ 0, 0, 16, 4 ], "texture": "#texture", "cullface": "down" },
				"up": { "uv": [ 0, 0, 16, 4 ], "texture": "#texture", "cullface": "up" },
				"north": { "uv": [ 0, 0, 16, 16 ], "texture": "#piston_top_sticky", "cullface": "north" },
				"south": { "uv": [ 0, 0, 16, 16 ], "texture": "#piston_top" },
				"west": { "uv": [ 16, 0, 0, 4 ], "texture": "#texture", "cullface": "west", "rotation": 270 },
				"east": { "uv": [ 16, 0, 0, 4 ], "texture": "#texture", "cullface": "east", "rotation": 270 }
			}
		},
		{
			"from": [ 6, 6, 6 ],
			"to": [ 10, 10, 12 ],
			"faces": {
				"down": { "uv": [ 12, 0, 16, 6 ], "texture": "#piston" },
				"up": { "uv": [ 12, 0, 16, 6 ], "texture": "#piston" },
				"west": { "uv": [ 12, 6, 16, 0 ], "texture": "#piston", "rotation": 90 },
				"east": { "uv": [ 12, 6, 16, 0 ], "texture": "#piston", "rotation": 90 }
			}
		},
		{
			"from": [ 5, 5, 12 ],
			"to": [ 11, 11, 18 ],
			"faces": {
				"down": { "uv": [ 6, 2, 12, 8 ], "texture": "#piston" },
				"up": { "uv": [ 6, 0, 12, 6 ], "texture": "#piston" },
				"north": { "uv": [ 0, 0, 6, 6 ], "texture": "#piston" },
				"west": { "uv": [ 6, 6, 12, 0 ], "texture": "#piston", "rotation": 90 },
				"east": { "uv": [ 6, 8, 12, 2 ], "texture": "#piston", "rotation": 90 }
			}
		},
		{
			"from": [ 5, 5, 4 ],
			"to": [ 11, 11, 6 ],
			"faces": {
				"down": { "uv": [ 6, 6, 12, 8 ], "texture": "#piston" },
				"up": { "uv": [ 6, 6, 12, 8 ], "texture": "#piston" },
				"south": { "uv": [ 0, 0, 6, 6 ], "texture": "#piston" },
				"west": { "uv": [ 6, 8, 12, 6 ], "texture": "#piston", "rotation": 90 },
				"east": { "uv": [ 6, 8, 12, 6 ], "texture": "#piston", "rotation": 90 }
			}
		},
		{
			"from": [ 6, 4, 18 ],
			"to": [ 11, 5, 20 ],
			"faces": {
				"down": { "uv": [ 10, 8, 15, 10 ], "texture": "#piston" },
				"north": { "uv": [ 1, 5, 5, 6 ], "texture": "#piston" }
			}
		},
		{
			"from": [ 5, 11, 18 ],
			"to": [ 11, 12, 20 ],
			"faces": {
				"up": { "uv": [ 9, 8, 15, 10 ], "texture": "#piston" },
				"north": { "uv": [ 1.5, 0, 4, 1 ], "texture": "#piston" }
			}
		},
		{
			"from": [ 11, 5, 18 ],
			"to": [ 12, 11, 20 ],
			"faces": {
				"north": { "uv": [ 0, 1, 1, 5 ], "texture": "#piston" },
				"east": { "uv": [ 9, 10, 15, 8 ], "texture": "#piston", "rotation": 90 }
			}
		},
		{
			"from": [ 4, 11, 18 ],
			"to": [ 5, 12, 20 ],
			"faces": {
				"up": { "uv": [ 8, 8, 9, 10 ], "texture": "#piston" },
				"north": { "uv": [ 5, 0, 6, 1 ], "texture": "#piston" },
				"west": { "uv": [ 8, 10, 9, 8 ], "texture": "#piston", "rotation": 90 }
			}
		},
		{
			"from": [ 4, 4, 18 ],
			"to": [ 5, 6, 20 ],
			"faces": {
				"down": { "uv": [ 8, 8, 9, 10 ], "texture": "#piston" },
				"north": { "uv": [ 5, 4, 6, 6 ], "texture": "#piston" },
				"west": { "uv": [ 14, 10, 16, 8 ], "texture": "#piston", "rotation": 90 }
			}
		},
		{
			"from": [ 4, 6, 18 ],
			"to": [ 5, 11, 20 ],
			"faces": {
				"north": { "uv": [ 5, 1, 6, 5 ], "texture": "#piston" },
				"west": { "uv": [ 9, 10, 14, 8 ], "texture": "#piston", "rotation": 90 }
			}
		},
		{
			"from": [ 5, 4, 18 ],
			"to": [ 6, 5, 20 ],
			"faces": {
				"down": { "uv": [ 14.5, 8, 15.5, 10 ], "texture": "#piston" },
				"north": { "uv": [ 4, 5, 5, 6 ], "texture": "#piston" }
			}
		},
		{
			"from": [ 11, 11, 18 ],
			"to": [ 12, 12, 20 ],
			"faces": {
				"up": { "uv": [ 15, 8, 16, 10 ], "texture": "#piston" },
				"north": { "uv": [ 0, 0, 1, 1 ], "texture": "#piston" },
				"east": { "uv": [ 8, 10, 9, 8 ], "texture": "#piston", "rotation": 90 }
			}
		},
		{
			"from": [ 11, 4, 18 ],
			"to": [ 12, 5, 20 ],
			"faces": {
				"down": { "uv": [ 15, 8, 16, 10 ], "texture": "#piston" },
				"north": { "uv": [ 0, 5, 1, 6 ], "texture": "#piston" },
				"east": { "uv": [ 15, 10, 16, 8 ], "texture": "#piston", "rotation": 90 }
			}
		}
	]
}